time,open,high,low,close,Conversion Line,Base Line,Lagging Span,Lead 1,Lead 2,Basis,Upper,Lower,Volume,Volume MA,Histogram,MACD,Signal
2019-11-28T00:00:00Z,220.08,224.6,212.02,217.41,NaN,NaN,188.3,NaN,NaN,NaN,NaN,NaN,11556.80086,NaN,NaN,NaN,NaN
2019-11-29T00:00:00Z,217.4,226.49,216.9,224,NaN,NaN,185.34,NaN,NaN,NaN,NaN,NaN,50234.55027,NaN,NaN,NaN,NaN
2019-11-30T00:00:00Z,223.89,224.67,214.41,217.45,NaN,NaN,187.79,NaN,NaN,NaN,NaN,NaN,47622.18011,NaN,NaN,NaN,NaN
2019-12-01T00:00:00Z,217.43,218.18,209.24,214.36,NaN,NaN,203.21,NaN,NaN,NaN,NaN,NaN,46721.57914,NaN,NaN,NaN,NaN
2019-12-02T00:00:00Z,214.37,216.25,209.68,213.67,NaN,NaN,206.27,NaN,NaN,NaN,NaN,NaN,43397.32559,NaN,NaN,NaN,NaN
2019-12-03T00:00:00Z,213.72,215.95,210.99,211.5,NaN,NaN,212.34,NaN,NaN,NaN,NaN,NaN,28430.46455,NaN,NaN,NaN,NaN
2019-12-04T00:00:00Z,211.47,219.68,202.5,207.47,NaN,NaN,208.62,NaN,NaN,NaN,NaN,NaN,93351.89396,NaN,NaN,NaN,NaN
2019-12-05T00:00:00Z,207.36,214.46,200.88,211.5,NaN,NaN,204.52,NaN,NaN,NaN,NaN,NaN,58415.66785,NaN,NaN,NaN,NaN
2019-12-06T00:00:00Z,211.6,214,209.2,212.84,213.685,NaN,204.44,NaN,NaN,NaN,NaN,NaN,36081.71398,NaN,NaN,NaN,NaN
2019-12-07T00:00:00Z,212.9,216.62,210.01,211,213.685,NaN,195.49,NaN,NaN,NaN,NaN,NaN,26962.16937,NaN,NaN,NaN,NaN
2019-12-08T00:00:00Z,210.97,214.89,208,212.58,212.77499999999998,NaN,222.43,NaN,NaN,NaN,NaN,NaN,23530.67976,NaN,NaN,NaN,NaN
2019-12-09T00:00:00Z,212.42,215.08,205.4,208.27,210.28,NaN,224.47,NaN,NaN,NaN,NaN,NaN,36474.63924,NaN,NaN,NaN,NaN
2019-12-10T00:00:00Z,208.18,209.35,203.71,206.54,210.28,NaN,222.79,NaN,NaN,NaN,NaN,NaN,27927.89853,NaN,NaN,NaN,NaN
2019-12-11T00:00:00Z,206.63,207.99,204.05,207.01,210.28,NaN,244.25,NaN,NaN,NaN,NaN,NaN,15264.51196,NaN,NaN,NaN,NaN
2019-12-12T00:00:00Z,207.1,207.97,203.67,206.79,210.28,NaN,242.3,NaN,NaN,NaN,NaN,NaN,26540.59504,NaN,NaN,NaN,NaN
2019-12-13T00:00:00Z,206.62,212.71,206.25,211.32,208.75,NaN,240.19,NaN,NaN,NaN,NaN,NaN,33534.36619,NaN,NaN,NaN,NaN
2019-12-14T00:00:00Z,211.44,213.11,204.67,205.82,210.14499999999998,NaN,238.01,NaN,NaN,NaN,NaN,NaN,34067.96904,NaN,NaN,NaN,NaN
2019-12-15T00:00:00Z,205.87,211.72,204.88,206.88,210.14499999999998,NaN,271.83,NaN,NaN,NaN,NaN,NaN,37076.8692,NaN,NaN,NaN,NaN
2019-12-16T00:00:00Z,206.87,208.67,193.85,196.27,204.465,NaN,260.83,NaN,NaN,NaN,NaN,NaN,82405.61891,NaN,NaN,NaN,NaN
2019-12-17T00:00:00Z,196.26,196.96,172.1,176.45,193.59,NaN,270.77,NaN,NaN,208.9565,NaN,NaN,127025.58764,44331.1540595,NaN,NaN,NaN
2019-12-18T00:00:00Z,176.45,191.75,169.66,189,191.385,NaN,267.21,NaN,NaN,207.536,NaN,NaN,144833.0183,50994.9649315,NaN,NaN,NaN
2019-12-19T00:00:00Z,188.9,191,183.49,185.96,191.385,NaN,348.35,NaN,NaN,205.63400000000001,NaN,NaN,54337.20347,51200.097591499994,NaN,NaN,NaN
2019-12-20T00:00:00Z,186.07,190.72,183.82,187.44,191.385,NaN,339.99,NaN,NaN,204.13350000000003,NaN,NaN,43236.75189,50980.82618049999,NaN,NaN,NaN
2019-12-21T00:00:00Z,187.39,188.43,185.33,186.21,191.385,NaN,326.76,NaN,NaN,202.72600000000003,NaN,NaN,19488.47281,49619.17086399999,NaN,NaN,NaN
2019-12-22T00:00:00Z,186.21,197.4,185.73,196.27,191.385,NaN,368,NaN,NaN,201.85600000000002,NaN,NaN,54636.39805,50181.12448699999,NaN,NaN,NaN
2019-12-23T00:00:00Z,196.28,198,188.2,189.61,190.69,198.075,339.01,NaN,NaN,200.7615,NaN,NaN,57146.5522,51616.928869499985,NaN,-9.959321616837485,NaN
2019-12-24T00:00:00Z,189.66,191.68,185,188.3,189.165,198.075,339.61,NaN,NaN,199.80300000000005,NaN,NaN,50765.49176,49487.608759499984,NaN,-9.709055613107495,NaN
2019-12-25T00:00:00Z,188.31,188.78,182.69,185.34,183.82999999999998,197.165,343.39,NaN,NaN,198.49500000000006,NaN,NaN,31724.59117,48153.05492549999,NaN,-9.638459107471675,NaN
2019-12-26T00:00:00Z,185.34,194.99,184.01,187.79,183.82999999999998,194.67000000000002,343.5,NaN,NaN,197.24250000000004,NaN,NaN,48012.30969,48749.58471099999,NaN,-9.277866869637677,NaN
2019-12-27T00:00:00Z,187.7,203.92,186.83,203.21,193.305,194.67000000000002,349.22,NaN,NaN,196.85300000000004,NaN,NaN,120980.63718,53450.50810149999,NaN,-7.659535436922852,NaN
2019-12-28T00:00:00Z,203.33,210,202.53,206.27,196.345,194.67000000000002,325.21,NaN,NaN,196.53750000000005,NaN,NaN,81593.20921,56353.63457399999,NaN,-6.060221232523219,NaN
2019-12-29T00:00:00Z,206.26,215.94,204.34,212.34,199.315,194.67000000000002,318.83,NaN,NaN,196.74100000000004,NaN,NaN,80763.47218,58568.076220999996,NaN,-4.253918408762587,NaN
2019-12-30T00:00:00Z,212.29,215,205.65,208.62,199.315,193.14,310.13,NaN,NaN,196.84500000000006,NaN,NaN,76221.01161,60982.731875,NaN,-3.0869983228103592,NaN
2019-12-31T00:00:00Z,208.61,214.11,201.73,204.52,199.315,193.14,348.24,NaN,NaN,196.72050000000007,NaN,NaN,89320.43252,64685.527902999995,4.436481175817363,-2.464630753214635,-6.901111929031998
2020-01-01T00:00:00Z,204.57,209,203.1,204.44,199.315,193.14,362.86,NaN,NaN,196.60300000000007,NaN,NaN,43234.9585,65520.246075999996,3.9566370310280945,-1.95531564024688,-5.911952671274975
2020-01-02T00:00:00Z,204.43,205.53,192.8,195.49,199.315,192.8,378.6,NaN,NaN,195.81150000000008,NaN,NaN,76481.1405,67667.58479149999,2.9311966188444103,-2.2479568977194617,-5.179153516563872
2020-01-03T00:00:00Z,195.49,226,191.9,222.43,205.005,197.82999999999998,380.26,NaN,NaN,196.64200000000005,NaN,NaN,236151.17473,77771.74507599999,3.90127748148218,-0.3025566647111475,-4.203834146193327
2020-01-04T00:00:00Z,222.38,227.64,219.56,224.47,207.235,198.64999999999998,392.69,NaN,NaN,197.52150000000003,NaN,NaN,110315.64423,81433.68382749999,4.473307548117109,1.3878002889530592,-3.08550725916405
2020-01-05T00:00:00Z,224.45,227.63,220.6,222.79,209.76999999999998,198.64999999999998,374.86,NaN,NaN,198.84750000000003,226.32397129818608,171.37102870181397,90338.28418,81830.31709099999,4.518263043853997,2.5623215456534467,-1.9559414982005505
2020-01-06T00:00:00Z,222.82,247,222.2,244.25,219.45,208.32999999999998,380.08,NaN,NaN,202.23750000000004,234.18958717752295,170.28541282247713,177504.59026,84354.26722199998,5.696944473624505,5.165239093830081,-0.5317053797944242
2020-01-07T00:00:00Z,244.26,246.9,232,242.3,219.45,208.32999999999998,377.34,NaN,NaN,204.90250000000006,240.65835931004892,169.1466406899512,180860.80127,86155.65637049997,6.0174789278984635,6.990143280078655,0.9726643521801916
2020-01-08T00:00:00Z,242.48,255.19,229.59,240.19,223.54500000000002,212.425,384.25,NaN,NaN,207.61400000000003,245.38105463760832,169.84694536239175,238290.07035,95353.29971449997,5.759414659351351,8.17193267636938,2.412518017018029
2020-01-09T00:00:00Z,240.13,243.89,231.26,238.01,223.54500000000002,212.425,380.93,NaN,NaN,210.1425,248.92603355484837,171.35896644515165,109003.33057,98641.62864849997,5.134629968562502,8.830805477721157,3.696175509158655
2020-01-10T00:00:00Z,238.06,275,231.13,271.83,233.45,222.32999999999998,444.92,NaN,NaN,214.42350000000002,260.0016883251196,168.8453116748805,311448.58074,113239.63404499998,6.598477304675312,11.944272140002795,5.345794835327483
2020-01-11T00:00:00Z,271.95,279.49,258.68,260.83,235.695,224.575,445.76,NaN,NaN,217.65150000000003,266.64633698309467,168.6566630169054,199691.49268,120492.38877649998,6.419354478651767,13.369987933642193,6.950633454990426
2020-01-12T00:00:00Z,260.69,271.39,257.85,270.77,249.525,224.575,439.21,NaN,NaN,221.70950000000002,274.07050131777413,169.3484986822259,105180.61526,122894.09192949999,6.541550572132291,15.127571670155788,8.586021098023497
2020-01-13T00:00:00Z,270.85,272.99,261.06,267.21,250.04500000000002,231.09,444.46,NaN,NaN,225.65500000000003,279.2294971044986,172.08050289550147,91495.50923,124930.59280299998,5.969753827188706,16.04821338200938,10.078459554820673
2020-01-14T00:00:00Z,267.24,368.08,267.14,348.35,295.14,275.385,449.72,NaN,NaN,233.80550000000002,306.5396522188853,161.07134778111475,827847.55896,164736.7411925,10.384700195042576,23.059334798623894,12.674634603581318
2020-01-15T00:00:00Z,348.35,362.89,312.62,339.99,298.835,275.385,452.05,NaN,NaN,241.4155,324.42244464320436,158.40855535679566,498653.95613,187268.8235145,11.958452008739489,27.622699614505677,15.664247605766189
2020-01-16T00:00:00Z,340,342.96,309.2,326.76,298.835,275.385,461.89,NaN,NaN,247.59300000000002,336.48794656053235,158.69805343946769,247311.30454,193585.35688249997,11.330851694534537,29.82781222393436,18.49696052939982
2020-01-17T00:00:00Z,326.58,383.92,319.46,368,307.525,283.305,473.55,NaN,NaN,255.67950000000002,356.66859178223126,154.69040821776878,395293.4218,209270.36751199997,12.806709204510021,34.505347035037346,21.698637830527325
2020-01-18T00:00:00Z,367.98,405.86,330,339.01,318.495,294.275,477.32,194.3825,NaN,262.01300000000003,367.13899946730527,156.8870005326948,482356.86961,229350.03738349996,11.012502827797611,35.46426636527434,24.45176353747673
2020-01-19T00:00:00Z,338.79,366.27,319.78,339.61,331.855,294.275,493.77,193.62,NaN,268.5625,375.86575416780227,161.2592458321977,305020.88339,240790.03097249995,9.126003972446775,35.859268503035196,26.73326453058842
2020-01-20T00:00:00Z,339.54,352.94,322.46,343.39,331.855,294.935,438.96,190.4975,NaN,275.506,383.30526797525096,167.706732024749,171058.37052,244876.92787249997,7.462691528663079,36.06162894141727,28.59893741275419
2020-01-21T00:00:00Z,343.38,348.22,332.05,343.5,333.46000000000004,296.345,411.68,189.25,NaN,282.459,388.9572012805848,175.9607987194152,107803.73807,248105.36685099997,5.7752417808550085,35.81798963882295,30.042747857967942
2020-01-22T00:00:00Z,343.5,354.52,339.16,349.22,336.5,298.88,412.99,193.9875,NaN,290.1455,392.53799278633636,187.7530072136637,96093.49399,249085.9845255,4.505976292447606,35.67521822352745,31.169241931079846
2020-01-23T00:00:00Z,349.11,350.15,316.36,325.21,357.53,298.88,420.2,195.5075,NaN,295.28450000000004,393.81069620689715,196.75830379310293,135190.02823,244037.9272005,1.6577884137862888,33.24147744831271,31.58368903452642
2020-01-24T00:00:00Z,325.09,327.95,297,318.83,351.43,298.88,378.46,196.9925,NaN,300.0025,393.4172347852581,206.5877652147419,217601.81697,249402.23583750002,-0.9094037372953281,30.446934362907257,31.356338100202585
2020-01-25T00:00:00Z,318.82,319.27,305.1,310.13,351.43,298.88,371.1,196.2275,NaN,304.3695,390.8460236292488,217.89297637075123,100771.89962,249923.9166095,-3.3118810204644724,27.216486824621995,30.528367845086468
2020-01-26T00:00:00Z,310.29,349.96,307.43,348.24,351.43,298.88,377.74,196.2275,NaN,309.569,393.4266367184293,225.71136328157075,176481.76156,249872.77517450004,-2.4903230963189955,27.415463974687725,29.90578707100672
2020-01-27T00:00:00Z,348.25,378.19,347.65,362.86,337.595,298.88,373.14,196.2275,NaN,315.597,396.52733154510213,234.66666845489783,248777.01991,253268.58610650006,-1.1844707611137366,28.425198619614548,29.609669380728285
2020-01-28T00:00:00Z,362.9,385.38,360.26,378.6,341.19,298.88,401.57,196.0575,NaN,322.51750000000004,400.0724982593006,244.96250174069954,210830.79139,251895.62215850007,0.43064842330600683,30.147979909860794,29.717331486554787
2020-01-29T00:00:00Z,378.43,396.31,375.8,380.26,346.655,312.71000000000004,378.22,201.4175,NaN,329.63,400.7001264948932,258.5598735051068,200640.1964,256477.46545000008,1.2554086193929699,31.286592260796,30.03118364140303
2020-01-30T00:00:00Z,380.24,399.34,370.88,392.69,348.16999999999996,313.23,353.07,202.9425,NaN,335.673,406.6098465890616,264.7361534109384,197841.16173,250797.09449950006,2.2260067301901714,32.813692054140745,30.587685323950573
2020-01-31T00:00:00Z,392.52,394.99,364.16,374.86,348.16999999999996,314.03,316.67,204.20999999999998,NaN,341.3745,405.3185150365931,277.4304849634069,146704.06246,248147.72298850003,1.3009368370370176,32.213856370246845,30.912919533209827
2020-02-01T00:00:00Z,374.89,389.64,372.31,380.08,348.16999999999996,317.725,324.62,213.89,NaN,346.84,404.04117446347004,289.6388255365299,106551.71789,248216.27812,0.7042247093975824,31.793200419956804,31.08897571055922
2020-02-02T00:00:00Z,380.16,387.7,368.91,377.34,352.22,317.725,314.97,213.89,NaN,352.3465,397.82782376042087,306.8651762395791,98738.97527,248578.451422,-0.16499217096534124,30.882735496852547,31.047727667817888
2020-02-03T00:00:00Z,377.24,392.84,374.4,384.25,353.385,318.495,306.11,217.985,NaN,354.14149999999995,401.63923648291205,306.64376351708785,132459.04345,213809.0256465,-0.5432274594869959,30.368693343459142,30.91192080294614
2020-02-04T00:00:00Z,384.19,389.5,372.38,380.93,373.495,318.495,311.9,217.985,NaN,356.1885,404.5904203234762,307.78657967652373,111599.02261,194456.27897050002,-1.2455138548990234,29.35502848432236,30.600542339221384
2020-02-05T00:00:00Z,380.95,445.46,378.72,444.92,402.86,351.655,339.33,227.89,NaN,362.0965,422.1346256452943,302.0583743547057,254489.93106,194815.2102965,2.184311536707792,33.330931760106125,31.146620223398333
2020-02-06T00:00:00Z,444.93,448.43,416.88,445.76,406.295,353.14,329.61,230.135,NaN,365.98449999999997,436.24868959185477,295.72031040814517,183772.05365,184239.14188900002,3.989203471645652,36.1331245629554,32.14392109130975
2020-02-07T00:00:00Z,445.69,459.7,432.12,439.21,411.93,360.38,319.46,237.05,NaN,370.99449999999996,446.9123897164563,295.07661028354363,152210.53024,167731.82492050002,4.20029844120652,37.3942941428179,33.19399570161138
2020-02-08T00:00:00Z,439.39,454.5,425.16,444.46,411.93,363.41999999999996,337.1,240.5675,NaN,376.23699999999997,457.08271308362686,295.3912869163731,147309.77991,159846.2697465,4.144841505992943,38.37504758410256,34.23020607810962
2020-02-09T00:00:00Z,444.46,460.55,434.79,449.72,414.73,378.775,350.73,285.2625,NaN,381.5535,466.9182105717581,296.1887894282419,149967.53436,158791.72793850003,3.9164133894481523,39.12572281491981,35.20930942547166
2020-02-10T00:00:00Z,449.77,463.37,435.86,452.05,416.14,380.185,330.92,287.11,NaN,386.981,475.71453546433395,298.24746453566604,150905.28806,160946.80543800004,3.3956328134732203,39.45385044231318,36.05821762883996
2020-02-11T00:00:00Z,452,469.32,440.44,461.89,420.85,383.15999999999997,272.77,287.11,NaN,392.6145,485.26323479438435,299.9657652056157,149039.05207,163594.08334200006,3.190442879300356,40.046271227965406,36.85582834866505
2020-02-12T00:00:00Z,462,481.87,462,473.55,427.125,389.435,273,295.41499999999996,NaN,400.0315,493.65403046676346,306.40896953323653,163282.70277,164998.71706900006,3.302691924277866,40.98419325401238,37.681501329734516
2020-02-13T00:00:00Z,473.55,484.98,457.7,477.32,431.85,390.99,271.79,306.385,287.76,407.956,499.55268736368254,316.3593126363175,174921.81401,162864.71692100004,3.096972420668749,41.55271685557045,38.4557444349017
2020-02-14T00:00:00Z,477.17,498.23,465.99,493.77,457.555,397.615,266.98,313.065,287.76,417.13800000000003,504.3821396541912,329.8938603458089,141147.43543,164883.49371150005,3.5048898978026486,42.836856807155016,39.33196690935237
2020-02-15T00:00:00Z,493.77,494.99,414,438.96,456.115,397.615,144.13,313.395,287.76,421.674,503.3752348499104,339.9727651500896,202082.72431,166163.54184900006,-0.279595638550731,38.98247236116396,39.26206799971469
2020-02-16T00:00:00Z,438.88,458.22,382.09,411.68,440.15999999999997,397.615,177.46,314.90250000000003,287.76,424.11499999999995,501.4416871138297,346.7883128861702,254154.92558,166432.43713250005,-4.7358716381162935,33.34222845206932,38.078100090185615
2020-02-17T00:00:00Z,411.81,417.09,367,412.99,432.615,397.615,167.2,317.69,287.76,425.83449999999993,500.52064261695597,351.1483573830439,366860.16592,174233.90585900008,-7.544266515756362,28.64776694549016,36.192033461246524
2020-02-18T00:00:00Z,412.99,427.47,385,420.2,432.615,397.615,178.2,328.205,287.76,427.83149999999995,499.615971656482,356.0470283435179,243144.07689,176359.09988350008,-8.77886160483581,25.21845645520176,33.99731806003757
2020-02-19T00:00:00Z,420.38,423.7,370,378.46,432.615,401.665,172.41,325.155,287.76,427.12,500.54689861352017,353.69310138647984,146767.64105,173805.4238495001,-12.06617580386892,18.914598305201423,30.980774109070342
2020-02-20T00:00:00Z,378.37,388,352.7,371.1,425.46500000000003,402.83000000000004,182.41,325.155,287.76,426.93199999999996,500.91033888376,352.9536611162399,207799.23573,176860.1825130001,-14.246215593456181,13.173004617250115,27.419220210706296
2020-02-21T00:00:00Z,370.88,388.88,367.23,377.74,425.46500000000003,422.94,184.84,325.155,287.76,426.81499999999994,501.0961447138526,352.5338552861473,135650.11257,178315.1022470001,-14.692038646059764,9.05417190313159,23.746210549191353
2020-02-22T00:00:00Z,377.93,380.43,366.93,373.14,425.46500000000003,425.46500000000003,220.83,318.2375,287.76,426.6049999999999,501.46592478723716,351.74407521276265,90739.12749,177915.1098580001,-14.71134187752046,5.357033202290779,20.06837507981124
2020-02-23T00:00:00Z,372.99,404.42,372.24,401.57,423.845,425.46500000000003,215.1,320.03499999999997,287.76,427.4709999999999,500.735720541339,354.2062794586608,119949.80434,177289.6479025001,-12.320871281025763,4.667285978529037,16.9881572595548
2020-02-24T00:00:00Z,401.5,408.43,363,378.22,405.46000000000004,425.46500000000003,220.04,329.6825,287.76,427.33549999999985,500.9531955561683,353.7178044438314,192156.78539,181317.5360415001,-11.821710427552503,2.211019225114171,14.032729652666674
2020-02-25T00:00:00Z,378.08,379.85,343.99,353.07,385.73,421.11,202.73,330.7,287.76,422.7429999999998,502.5955569033367,342.8904430966629,181646.01154,177675.3400655001,-12.62208044253099,-1.7448709004970624,10.877209542033928
2020-02-26T00:00:00Z,353.01,362.41,301.1,316.67,364.285,399.665,221.26,331.09999999999997,287.76,416.28849999999983,507.68942106210267,324.887578937897,426041.48888,189788.81182700009,-14.884194954460318,-7.72803415104147,7.156160803418848
2020-02-27T00:00:00Z,316.77,335.4,307.16,324.62,362.4,399.665,227.24,332.9475,287.76,410.55899999999986,509.5456831245534,311.5723168754463,240590.21235,194207.7959325001,-15.079681336321656,-11.693440866983224,3.386240469338433
2020-02-28T00:00:00Z,324.48,329.34,298.95,314.97,353.69,398.59000000000003,220.68,334.9725,287.76,404.0844999999998,510.04809119528124,298.1209088047184,224510.28774,198067.82132400008,-15.058418763452858,-15.43678298497764,-0.37836422152478155
2020-02-29T00:00:00Z,315.09,322.59,305,306.11,353.69,398.59000000000003,227.76,335.94,287.76,396.9039999999998,508.8205988403904,284.98740115960925,139466.90438,197542.7898250001,-14.817679627306024,-18.900463755657313,-4.082784128351289
2020-03-01T00:00:00Z,305.9,325,304.13,311.9,353.69,398.59000000000003,213.21,345.995,287.76,389.8964999999998,504.6389272490385,275.15407275096106,150571.38912,197526.0948780001,-13.48329551247563,-20.936903518945826,-7.453608006470196
2020-03-02T00:00:00Z,311.9,343,310.68,339.33,353.69,398.59000000000003,213.89,377.2575,307.56,383.7684999999998,495.5289422459083,272.0080577540913,227311.54962,201439.7197555001,-10.12164112981771,-20.105659418742334,-9.984018288924624
2020-03-03T00:00:00Z,339.33,339.38,321.13,329.61,353.69,398.59000000000003,205.54,379.7175,309.045,376.57149999999973,482.6737822139138,270.46921778608566,175358.92439,202043.53083650008,-8.013313438940354,-20.000660087600068,-11.987346648659713
2020-03-04T00:00:00Z,329.66,332.19,308.35,319.46,339.4,398.59000000000003,219.97,386.155,314.68,368.67849999999976,466.8150840601808,270.5419159398187,104895.17055,198542.19866350008,-6.810246292087854,-20.50015451376953,-13.689908221681677
2020-03-05T00:00:00Z,319.58,343.46,319.36,337.1,330.68,398.59000000000003,218.36,387.67499999999995,321.195,360.8449999999998,441.18924621589855,280.50075378410105,152373.42593,199103.4981885001,-4.448630877867469,-19.250696819016014,-14.802065941148545
2020-03-06T00:00:00Z,337.08,353.61,332.3,350.73,326.28,398.59000000000003,223.74,396.7525,321.62,356.4334999999998,428.38782280968826,284.47917719031136,157186.64747,196858.6943465001,-1.7304291391411972,-16.96510236507504,-15.234673225933843
2020-03-07T00:00:00Z,350.74,351.11,327.09,330.92,326.28,398.59000000000003,231.72,398.1625,323.03,352.3954999999998,420.4539702957742,284.3370297042254,116341.38746,189968.0174405001,-1.061337307223928,-16.561344859963754,-15.500007552739826
2020-03-08T00:00:00Z,330.77,330.77,268.05,272.77,310.83000000000004,383.14,236.09,402.005,326.005,345.38449999999983,415.8759481267105,274.89305187328915,270727.90033,185161.4041610001,-4.156012994849327,-20.695023796301484,-16.539010801452157
2020-03-09T00:00:00Z,272.9,280.29,252.13,273,302.87,375.18,238.02,408.28,332.28,338.0244999999999,406.440851985477,269.6081480145227,382248.99619,192116.65012600008,-5.712369626210325,-23.679472834215062,-17.967103208004737
2020-03-10T00:00:00Z,273.04,277.95,262.8,271.79,302.87,375.18,230.99,411.42,333.83500000000004,332.69099999999986,404.2270622064186,261.1549377935811,160017.40439,192779.13829300005,-6.301828678949693,-25.844389056691853,-19.54256037774216
2020-03-11T00:00:00Z,271.85,275,250.02,266.98,301.815,372.505,258.09,427.58500000000004,340.46000000000004,327.48499999999984,402.1678983101267,252.802101689873,149899.32355,189884.14268400005,-6.469735091203862,-27.629729241746986,-21.159994150543124
2020-03-12T00:00:00Z,267.08,267.82,136,144.13,244.805,297.11,252.52,426.865,341.12,315.80449999999985,421.8728608763735,209.73613912362617,708864.98116,218544.88611350005,-13.882909745722465,-38.51363133269621,-24.630721586973742
2020-03-13T00:00:00Z,144.13,189.67,129,177.46,241.305,278.235,267.31,418.8875,342.53000000000003,306.02049999999986,424.5023921987687,187.53860780123102,1012301.98599,264623.02903850004,-15.449982610664058,-43.94319985030381,-28.493217239639755
2020-03-14T00:00:00Z,177.46,180.4,163.94,167.2,241.305,278.235,255.91,415.115,345.065,294.30199999999985,418.8690528831786,169.73494711682113,272980.24732,272274.5511875,-16.0172819128979,-48.51481963076213,-32.49753771786423
2020-03-15T00:00:00Z,167.08,190.69,165.44,178.2,240.055,276.35,232.7,415.115,345.065,284.3009999999998,412.38050419954254,156.2214958004571,263894.36499,275861.43016750005,-14.534933589812326,-50.666204705129644,-36.13127111531732
2020-03-16T00:00:00Z,178.2,184.41,147.14,172.41,229.885,268.71500000000003,232.94,417.14,345.065,275.26799999999986,408.0688401479474,142.46715985205233,472884.60249,290423.359715,-12.88398351374282,-52.23625050749584,-39.35226699375302
2020-03-17T00:00:00Z,172.45,188.27,168.73,182.41,204.645,268.71500000000003,233.09,414.14750000000004,345.065,268.55499999999984,405.8047802548356,131.30521974516407,306472.09152,284444.889847,-10.17685654004432,-52.07333766880842,-41.8964811287641
2020-03-18T00:00:00Z,182.5,186,169,184.84,203.475,268.71500000000003,223.49,424.2025,345.065,261.56599999999986,400.90408200201637,122.22791799798338,244333.93913,284632.076186,-7.409555018213787,-51.15842490153133,-43.748869883317546
2020-03-19T00:00:00Z,184.76,233.6,177.62,220.83,202,268.71500000000003,223.2,425.46500000000003,345.065,256.8589999999998,395.0182001858749,118.69979981412473,461455.1333,296479.31846400007,-2.590995101505868,-46.98761376019988,-44.39661865869401
2020-03-20T00:00:00Z,220.83,246.06,190.44,215.1,198.41,268.71500000000003,215.04,424.65500000000003,345.065,252.30849999999987,389.67213059777004,114.9448694022297,534721.29657,316242.03807350004,0.6040894319735486,-43.64150686872708,-44.245596300700626
2020-03-21T00:00:00Z,215.05,230,206.35,220.04,187.53,254.425,234.95,415.46250000000003,358.895,247.71549999999988,382.9279486095884,112.50305139041134,308157.88052,324121.36264350003,3.293677067242456,-40.12849996664755,-43.42217703389001
2020-03-22T00:00:00Z,219.96,233,199.58,202.73,196.6,245.705,231.88,403.42,359.415,240.88549999999987,370.58479212991335,111.1862078700864,308827.69076,328197.16970050003,4.09798643542009,-38.299693989614894,-42.397680425034984
2020-03-23T00:00:00Z,202.65,227.44,198.09,221.26,196.6,241.305,243.64,381.975,360.21500000000003,235.4679999999999,358.785208142256,112.15079185774381,331523.29314,336005.38813800004,5.956361614757583,-34.952228406588006,-40.90859002134559
2020-03-24T00:00:00Z,221.23,230.47,217.37,227.24,196.6,241.305,231.27,381.0325,363.91,230.85699999999989,348.0094533417911,113.7045466582087,226641.5096,342092.70509050007,7.563498292281864,-31.454217155993263,-39.017715448275126
2020-03-25T00:00:00Z,227.26,231.45,213.09,220.68,207.39499999999998,241.305,219.02,376.14,363.91,225.0359999999999,331.58345616860333,118.48854383139643,196578.91406,344302.97949700005,8.111402537044924,-28.878462276968975,-36.9898648140139
2020-03-26T00:00:00Z,220.71,228.43,218.11,227.76,207.53,241.305,219.42,376.14,364.68,218.8874999999999,308.56933715223715,129.20566284776268,162334.97321,344560.39578400005,8.818663775139193,-25.96653509508991,-34.7851988702291
2020-03-27T00:00:00Z,227.78,233.81,208.24,213.21,211.84,241.305,232.94,376.14,364.68,213.0019999999999,286.489863378931,139.5141366210688,194988.91289,348492.77205550007,8.18825549964891,-24.549879495667966,-32.73813499531688
2020-03-28T00:00:00Z,213.32,217.13,201.82,213.89,218.25,241.305,237.4,376.14,378.04,210.0579999999999,278.25999750740755,141.85600249259227,225434.50561,346228.1023195001,7.705749260855789,-23.10594841924714,-30.81169768010293
2020-03-29T00:00:00Z,213.86,217.34,204.5,205.54,215.95,241.305,237.9,376.14,378.04,206.6849999999999,268.47292228259823,144.89707771740157,153829.50916,334807.12796800013,6.747402462115321,-22.37744460245878,-29.1248470645741
2020-03-30T00:00:00Z,205.51,226.8,205.32,219.97,215.95,241.305,238.07,368.995,379.645,204.09399999999988,258.6692714697824,149.51872853021737,201359.31912,336874.2237045001,6.9794338284424065,-20.400554779021093,-27.3799886074635
2020-03-31T00:00:00Z,220,223.88,215.76,218.36,215.95,241.305,246.36,364.635,382.685,201.6629999999999,248.6161166590723,154.7098833409275,152582.6074,337008.3878970001,6.905864830415361,-18.7476575694443,-25.65352239985966
2020-04-01T00:00:00Z,218.44,224.96,211.24,223.74,217.815,240.055,242.75,362.435,397.615,205.6434999999999,245.35102083674377,165.93597916325604,198134.24068,311471.8508730001,7.074953660141745,-16.80983032468248,-23.884783984824224
2020-04-02T00:00:00Z,223.72,248.77,221.99,231.72,225.29500000000002,229.885,241.14,362.435,397.615,208.35649999999993,247.39981659836826,169.3131834016316,277839.53952,274748.7285495001,7.537072474798812,-14.463443391325711,-22.000515866124523
2020-04-03T00:00:00Z,231.84,241.96,214,236.09,225.29500000000002,204.645,257.77,346.985,383.14,211.80099999999993,247.7451254727442,175.85687452725566,191323.60359,270665.89636300015,7.91107149605196,-12.111676496059573,-20.022747992111533
2020-04-04T00:00:00Z,236.09,242.17,231.88,238.02,225.29500000000002,203.475,250.05,339.025,375.18,214.79199999999997,248.96622397071144,180.6177760292885,130943.67133,264018.3616800002,8.03648705936562,-9.977139167904511,-18.01362622727013
2020-04-05T00:00:00Z,238.05,239.75,223.19,230.99,225.29500000000002,202,254.79,339.025,375.18,217.72099999999995,246.4749506155304,188.9670493844695,110988.28015,245923.54556300017,7.409397788607617,-8.751878991510608,-16.161276780118225
2020-04-06T00:00:00Z,231.02,259.86,230.71,258.09,232.18,198.41,260.84,337.15999999999997,374.125,221.50499999999997,250.59233298190642,192.4176670180935,282642.74262,244732.07811800012,8.5047354718533,-5.5303574403016,-14.0350929121549
2020-04-07T00:00:00Z,258.08,265.65,246.7,252.52,235.48499999999999,197.325,251.65,270.9575,317.115,224.88899999999998,251.79232165366017,197.9856783463398,241539.45207,244592.35376500012,8.517930500203299,-3.387679786900776,-11.905610287104075
2020-04-08T00:00:00Z,252.52,280.25,250.01,267.31,245.745,213.695,245.75,259.77,313.615,227.21300000000002,259.75217583468105,194.67382416531902,486782.30826,245858.71251300015,9.132081320579363,-0.49050863637987163,-9.622589956959235
2020-04-09T00:00:00Z,267.34,274.74,253.27,255.91,245.745,213.695,246.9,259.77,313.615,229.25349999999997,263.5682491758329,194.93875082416707,198999.03863,229072.59961600014,8.398506312164377,0.875542933246237,-7.52296337891814
2020-04-10T00:00:00Z,255.88,258.9,225.35,232.7,247.125,213.695,241.32,258.2025,313.615,229.88649999999998,263.96431112396033,195.8086888760396,328217.27947,230075.56956350018,6.0858295737524415,0.0843235882724116,-6.00150598548003
2020-04-11T00:00:00Z,232.61,240.08,221.75,232.94,247.125,224.49,251.9,249.3,313.615,231.397,263.12302155960293,199.67097844039705,178953.21376,223581.84571350017,4.387290179296218,-0.5173932613597572,-4.904683440655975
2020-04-12T00:00:00Z,232.93,244.79,226.88,233.09,251,224.625,260.3,236.68,313.615,231.9885,263.3757976058835,200.60120239411646,172737.77899,215642.57000600017,3.1469773044548583,-0.9709618100874025,-4.117939114542261
2020-04-13T00:00:00Z,233.09,233.14,215.12,223.49,247.685,228.935,265.24,236.09500000000003,313.615,231.801,263.34394019270144,200.25805980729854,305494.57383,219585.22321750014,1.62949636513709,-2.0810686581208984,-3.7105650232579883
2020-04-14T00:00:00Z,223.44,228.56,219,223.2,247.685,235.345,232.56,235.35750000000002,313.615,231.92699999999996,263.3109717690468,200.54302823095315,203075.54043,219910.05453600013,0.6082692093137125,-2.9502285116158475,-3.55849772092956
2020-04-15T00:00:00Z,223.04,225.28,213.86,215.04,247.055,239.17000000000002,235.16,233.5625,313.615,231.29099999999994,263.49188626110197,199.0901137388979,122359.78773,217911.29526200012,-0.5520126568559296,-4.248513541999472,-3.6965008851435424
2020-04-16T00:00:00Z,214.97,239.85,206.3,234.95,243.275,239.17000000000002,233.23,220.97750000000002,313.615,232.37799999999993,263.5142159550646,201.24178404493523,298870.03799,223105.3515170001,0.05399254303379708,-3.629010206351296,-3.683002749385093
2020-04-17T00:00:00Z,235,236.94,229.17,231.88,240.52,239.17000000000002,239.41,221.1525,313.615,233.27749999999992,263.24274511831084,203.312254881689,119139.34792,217790.59363250007,0.2686514888512965,-3.3471883883209728,-3.6158398771722693
2020-04-18T00:00:00Z,231.83,247.59,231.54,243.64,232.6,241.035,242.61,218.9525,313.615,235.18249999999995,262.5869214498379,207.77807855016198,148102.99343,217504.26784600006,1.1725730509366192,-2.150123563501495,-3.3226966144381143
2020-04-19T00:00:00Z,243.63,244.97,229,231.27,226.945,241.035,235.21,218.9525,313.615,235.74749999999995,262.3276225542761,209.16737744572382,124667.95811,213669.69979550006,0.918533246628157,-2.1745300561529177,-3.0930633027810748
2020-04-20T00:00:00Z,231.27,238.5,215.62,219.02,226.945,241.035,236.45,224.35,313.615,235.7805,262.2756953946426,209.28530460535737,197183.19121,215899.72898600003,-0.042412525784721655,-3.1460789600119767,-3.103666434227255
2020-04-21T00:00:00Z,219.02,223.5,215.03,219.42,226.945,241.035,240.73,224.41750000000002,313.615,235.5645,262.5153296532819,208.61367034671807,126076.62108,212296.84800600004,-0.5886687846646699,-3.8395024150580923,-3.2508336303934224
2020-04-22T00:00:00Z,219.44,235.95,217.33,232.94,226.945,241.035,248.5,226.5725,313.615,235.62549999999996,262.54675366695045,208.7042463330495,122547.73928,204532.25799400004,-0.007740590073496367,-3.260509367985293,-3.2527687779117964
2020-04-23T00:00:00Z,233.08,247,225.83,237.4,226.945,242.375,246.74,229.7775,313.615,235.69099999999995,262.6228279364846,208.75917206351528,189880.75558,204460.11559350003,0.6710613750453827,-2.413942059105068,-3.0850034341504506
2020-04-24T00:00:00Z,237.36,242.26,233.31,237.9,226.945,242.785,239.85,228.6275,313.615,235.6849999999999,262.61480319275324,208.75519680724653,122513.60091,204038.61207250005,1.1213773693889832,-1.6832817224142218,-2.804659091803205
2020-04-25T00:00:00Z,237.9,245.76,235.04,238.07,231.31,243.275,228.22,228.6275,313.615,236.0389999999999,262.89867378804956,209.1793262119502,94591.40958,203218.76854400005,1.3812608003080777,-1.078083091418108,-2.459343891726186
2020-04-26T00:00:00Z,238.06,249.42,237.38,246.36,232.225,243.275,234.67,228.6275,313.615,235.45249999999987,260.8320475728083,210.07295242719147,138116.3669,195992.44975800003,2.02321252831394,0.06967176866623959,-1.9535407596477006
2020-04-27T00:00:00Z,246.35,248.07,234.02,242.75,232.225,243.275,234.11,228.935,313.615,234.96399999999986,259.36805081129955,210.55994918870013,187200.56808,193275.50555850004,2.106943582647778,0.6801387186620218,-1.426804863985756
2020-04-28T00:00:00Z,242.77,243.13,236.94,241.14,232.225,243.275,223,227.59,313.615,233.65549999999985,253.32997226739323,213.98102773260646,112366.41789,174554.71104000005,1.9592365900480029,1.0222408735742476,-0.9369957164737552
2020-04-29T00:00:00Z,241.14,262.81,241.03,257.77,238.92000000000002,243.275,230.55,214.97000000000003,313.615,233.74849999999986,253.85570097379116,213.64129902620857,267847.69583,177997.14390000008,2.8337804494892755,2.6052298453878393,-0.22855060410143624
2020-04-30T00:00:00Z,257.71,275.57,245.01,250.05,246.45,243.275,228.01,214.385,313.615,234.6159999999999,255.92837236912854,213.30362763087126,331828.19055,178177.68945400006,2.742787431653375,3.1999336854652825,0.45714625381190754
2020-05-01T00:00:00Z,250.05,260.22,250.05,254.79,250.7,243.275,232.85,213.6475,313.615,235.7084999999999,258.7362930119299,212.68070698806991,153693.78915,176914.71822350007,2.8403013328541924,4.007522919879648,1.1672215870254556
2020-05-02T00:00:00Z,254.79,261,252.2,260.84,254.44,243.275,239.86,215.29500000000002,311.995,237.09599999999992,262.54252777886205,211.64947222113778,103409.54202,173448.30637500007,3.127983397415968,5.077200833795416,1.9492174363794479
2020-05-03T00:00:00Z,260.84,267.76,245.7,251.65,254.79500000000002,243.275,238.43,216.40499999999997,293.61,238.5039999999999,263.89957158247006,213.10842841752975,166679.52234,166507.55380050006,2.54006790993654,5.124302323800123,2.584234413863583
2020-05-04T00:00:00Z,251.69,252.61,236,245.75,254.79500000000002,240.935,252.38,229.72,278.235,239.6314999999999,264.1979089968454,215.06509100315438,151932.20063,163950.38681050006,1.6383351267095585,4.632153322250531,2.9938181955409724
2020-05-05T00:00:00Z,245.77,252.28,240.96,246.9,254.79500000000002,240.935,238.69,229.72,278.235,241.2244999999999,263.2012081019969,219.2477918980029,94957.68054,162580.28145100008,1.0333584974585124,4.285516317364113,3.2521578199056007
2020-05-06T00:00:00Z,246.92,253.91,239.95,241.32,255.785,240.935,253.19,230.41,276.35,241.5429999999999,263.3305625988858,219.755437401114,119023.73336,153587.96621950006,0.21424864044376246,3.519968620460304,3.3057199800165415
2020-05-07T00:00:00Z,241.32,256.62,235.5,251.9,255.535,240.935,250.85,235.8075,268.71500000000003,242.54399999999987,264.30333491631677,220.78466508368297,165995.0332,155930.75048350004,0.3346684482401705,3.724055540316755,3.3893870920765843
2020-05-08T00:00:00Z,251.94,265.83,247.85,260.3,255.535,240.935,253.23,237.8125,268.71500000000003,243.37699999999987,266.47479132299185,220.2792086770079,199500.21611,158500.61161750005,0.8977693587044127,4.5115987904571,3.6138294317526873
2020-05-09T00:00:00Z,260.16,277.46,258.51,265.24,256.48,241.88,256.18,238.31,268.71500000000003,245.07549999999983,269.3293784321307,220.82162156786902,265358.79287,165535.15335550005,1.4859602131783762,5.471279698225658,3.9853194850472815
2020-05-10T00:00:00Z,265.26,265.72,221.33,232.56,249.39499999999998,241.88,256.05,241.515,268.71500000000003,245.75249999999983,267.70624762997386,223.7987523700258,364945.21343,173923.25446650008,-0.34516429477136823,3.553864116583071,3.8990284113544393
2020-05-11T00:00:00Z,232.68,238,216.52,235.16,246.99,241.88,253.23,243.1125,268.71500000000003,246.5394999999998,265.59860960670954,227.48039039329007,264827.64401,180860.80561300006,-1.3444043507300218,2.218522972941912,3.562927323671934
2020-05-12T00:00:00Z,235.17,239.4,228.42,233.23,246.99,246.245,253.56,241.22250000000003,254.425,246.5539999999998,265.5720991689654,227.5359008310342,146776.566,182072.24694900008,-2.0558833811950237,0.9930730971781543,3.048956478373178
2020-05-13T00:00:00Z,233.25,242,231.74,239.41,246.99,246.245,255.24,239.84500000000003,245.705,246.6544999999998,265.49848840480996,227.8105115951897,104151.89988,177785.80416400006,-2.027455441648334,0.5146371763127604,2.5420926179610945
2020-05-14T00:00:00Z,239.34,245.82,233.83,242.61,246.99,246.245,254.05,236.8175,241.305,246.88999999999982,265.40532878456827,228.37467121543136,173327.58715,180326.50347600007,-1.722314044357363,0.38920006251439077,2.111514106871754
2020-05-15T00:00:00Z,242.51,243.39,230.93,235.21,246.99,246.245,256.94,233.99,241.305,246.74699999999984,265.5741507138126,227.91984928618703,115625.77262,181378.22162800006,-1.9322717632229014,-0.3038255971568731,1.6284461660660283
2020-05-16T00:00:00Z,235.11,240.9,233.64,236.45,246.99,246.245,234.74,233.99,241.305,246.25149999999985,265.60751227010826,226.89548772989144,106699.94829,179807.40069750007,-1.8982886448141483,-0.7444146399516569,1.1538740048624914
2020-05-17T00:00:00Z,236.45,247.43,235.61,240.73,246.99,246.99,240.85,233.99,241.305,246.15049999999982,265.5993996861172,226.70160031388244,105516.29912,175723.18724950007,-1.5148573049311072,-0.7396976263013926,0.7751596786297146
2020-05-18T00:00:00Z,240.74,255.75,240.25,248.5,241.12,246.99,240.69,233.99,241.305,246.51849999999982,265.8524341832092,227.18456581679044,159970.51046,178103.39187800005,-0.7063223812462482,-0.10774329792809567,0.5985790833181526
2020-05-19T00:00:00Z,248.49,250.94,242.36,246.74,236.135,246.99,237.48,234.66,241.305,245.9669999999998,264.6023149691819,227.3316850308177,110402.72204,170231.14318850005,-0.28029798820070595,0.24820659806727008,0.528504586267976
2020-05-20T00:00:00Z,246.83,247.66,235,239.85,242.08499999999998,246.99,235.64,234.865,241.305,245.45699999999982,264.1755449221003,226.73845507789937,127884.72984,160033.97015300006,-0.44310244752590916,-0.025373473139410407,0.41772897438649875
2020-05-21T00:00:00Z,239.79,243,220.65,228.22,238.2,246.99,237.46,237.29250000000002,241.305,244.12849999999986,263.7582256985569,224.4987743014428,149841.8009,159841.37074050008,-1.2679247516145264,-1.1671769651316595,0.10074778648286709
2020-05-22T00:00:00Z,228.17,236.69,225,234.67,238.2,246.99,240.39,237.75,241.305,242.81999999999985,261.2730550316367,224.366944968363,111783.65323,160260.07630100005,-1.3077352484422453,-1.5339212740699395,-0.22618602562769424
2020-05-23T00:00:00Z,234.67,240,231.96,234.11,238.2,246.99,236.04,237.75,240.055,241.94299999999984,260.30104357769784,223.58495642230184,89247.90245,156388.49530650006,-1.2978098508603606,-1.848448339203145,-0.5506384883427844
2020-05-24T00:00:00Z,234.12,237.48,222.41,223,238.2,246.99,233.39,237.75,229.885,240.80549999999985,260.82326558461403,220.78773441538567,91313.85972,153357.57826100005,-1.9275496460553878,-2.9600755459120194,-1.0325258998566316
2020-05-25T00:00:00Z,222.91,233.28,220.96,230.55,238.2,246.99,232.8,241.09750000000003,204.645,239.9879999999999,260.2770163389085,219.69898366109132,80902.6915,152654.82880900006,-1.7299763086649178,-3.194996285687779,-1.4650199770228611
2020-05-26T00:00:00Z,230.56,231.27,223.91,228.01,238.2,246.99,230.31,244.8625,204.625,239.3224999999999,260.2560203680714,218.3889796319284,68127.54164,150110.01922300007,-1.664193510283702,-3.5452618648774887,-1.8810683545937867
2020-05-27T00:00:00Z,228,234.8,227.03,232.85,235.79500000000002,246.99,241.03,246.9875,204.625,238.36999999999995,258.65110450642294,218.08889549357698,74807.73248,145550.65418700007,-1.2096955189224952,-3.393187753246906,-2.1834922343244108
2020-05-28T00:00:00Z,232.85,241,228.85,239.86,234.155,246.99,240.69,248.85750000000002,204.625,237.3479999999999,254.99465135374012,219.70134864625967,112645.49877,141207.91832000008,-0.3941424397273927,-2.6761702839836516,-2.282027844256259
2020-05-29T00:00:00Z,239.91,243.99,233.05,238.43,232.32,246.99,232.8,249.03500000000003,204.625,236.00749999999994,248.20823583848085,223.80676416151903,84354.78895,132157.71812400006,0.06723758139947611,-2.1979808675069137,-2.26521844890639
2020-05-30T00:00:00Z,238.35,253.75,236.2,252.38,237.35500000000002,246.99,232.45,247.865,213.695,236.99849999999992,251.00436773464443,222.9926322653554,129920.53092,120406.48399850007,1.2638049095666086,-0.6854623119481289,-1.9492672215147375
2020-05-31T00:00:00Z,252.41,252.76,236,238.69,237.35500000000002,246.99,230.65,247.865,213.695,237.1749999999999,251.17271195589987,223.17728804409992,134759.41776,113903.07268600007,1.0916466673147223,-0.5847088873713346,-1.676355554686057
2020-06-01T00:00:00Z,238.67,255,237.42,253.19,237.98000000000002,246.99,216.37,248.36,213.695,238.17299999999992,253.6693016233014,222.67669837669843,137868.09636,113457.64920400006,1.8671544331294987,0.6575874867258165,-1.2095669464036822
2020-06-02T00:00:00Z,253.29,269.61,241.67,250.85,245.28500000000003,246.99,222.67,248.235,224.49,238.74499999999995,255.19680415639303,222.29319584360687,264191.59595,121459.63400750006,2.117042413580099,1.4367360705714418,-0.6803063430086574
2020-06-03T00:00:00Z,250.86,254,246.25,253.23,246.76,246.99,225.28,248.235,224.625,239.27599999999993,256.84043611392764,221.7115638860722,95425.52108,117564.53070400006,2.3207767599814852,2.2206646069681995,-0.10011215301328602
2020-06-04T00:00:00Z,253.17,260.92,247.5,256.18,248.32,243.065,222.12,249.18,228.935,240.32449999999994,259.24418760313637,221.40481239686352,151733.53413,119369.91877950006,2.5159893603070835,3.0448745473705685,0.5288851870634849
2020-06-05T00:00:00Z,256.17,263.45,254.49,256.05,249.23000000000002,243.065,223.78,245.6375,235.345,241.30449999999996,261.3187174216297,221.29028257837024,116026.08527,119836.22562850006,2.4933344749605757,3.6455532807642044,1.1522188058036287
2020-06-06T00:00:00Z,256.11,258.26,250.88,253.23,251.33,245.13,219.65,244.435,239.17000000000002,241.92949999999996,262.60276532022067,221.25623467977925,90657.05023,119093.26318400007,2.1579597476270345,3.8496684903374216,1.6917087427103872
2020-06-07T00:00:00Z,253.21,255.78,245.22,253.56,252.805,245.13,220.73,246.6175,239.17000000000002,242.18249999999998,263.2904907854867,221.07450921451323,95042.9939,115846.88735600006,1.8402663933638128,3.992041734415153,2.1517753410513403
2020-06-08T00:00:00Z,253.56,256.72,251.3,255.24,252.805,245.13,225.26,246.6175,239.17000000000002,242.6075,264.39672382739207,220.81827617260788,63486.19609,113501.06105850008,1.632268898585568,4.1921114642833,2.5598425656977324
2020-06-09T00:00:00Z,255.3,257.15,250.5,254.05,253.515,245.13,222.23,246.6175,241.035,243.31749999999997,265.62039835425554,221.01460164574442,59892.0129,110101.42521150007,1.3170532495957472,4.206159127692416,2.889105878096669
2020-06-10T00:00:00Z,254.02,258.76,250.6,256.94,255.64,245.13,242.34,246.6175,241.035,244.75349999999995,266.678337308412,222.82866269158788,83425.14722,106780.59252750008,1.2085337015039181,4.399773004976566,3.1912393034726483
2020-06-11T00:00:00Z,256.95,258,231.28,234.74,247.365,245.13,237.83,246.6175,241.035,244.75699999999992,266.6754188298411,222.83858117015876,128129.81168,107597.90045000007,-0.36868363883506206,2.7303847549288207,3.0990683937638828
2020-06-12T00:00:00Z,234.73,243.66,233.08,240.85,247.365,245.13,243.31,246.99,241.035,245.09399999999997,266.54962900500254,223.6383709949974,62740.15513,106272.51308400006,-0.9762535954734033,1.8787513994221285,2.855004994895532
2020-06-13T00:00:00Z,240.85,242.25,237.29,240.69,247.365,245.13,238.13,244.055,241.035,245.97849999999994,265.04325100808717,226.91374899191268,38019.76311,103607.80825350006,-1.3421292088277892,1.1773434838607955,2.5194726926885846
2020-06-14T00:00:00Z,240.7,240.84,234.93,237.48,245.01999999999998,245.13,238.38,241.5625,242.375,246.3249999999999,264.4859928142817,228.16400718571813,40676.31486,101596.48942150007,-1.7289205766686484,0.35832197185277437,2.0872425485214228
2020-06-15T00:00:00Z,237.47,238.32,224.41,235.64,241.58499999999998,245.13,236.59,244.5375,242.785,246.70649999999992,263.5880132911835,229.82498670881637,99741.29236,103177.17695750008,-2.017174532422353,-0.4342256170065184,1.5829489154158345
2020-06-16T00:00:00Z,235.64,239,232.5,237.46,241.58499999999998,245.28500000000003,237.42,242.595,243.275,246.9369999999999,263.16882072352024,230.70517927647956,57655.10926,102319.54579650008,-1.9903862002245607,-0.9050338348648665,1.0853523653596941
2020-06-17T00:00:00Z,237.47,246,235.06,240.39,241.58499999999998,245.28500000000003,232.19,242.595,243.275,246.96349999999993,263.15068786572823,230.7763121342716,80189.7269,100696.75720300007,-1.6921656543598922,-1.0298547025901712,0.6623109517697211
2020-06-18T00:00:00Z,240.4,240.7,232.53,236.04,241.58499999999998,245.28500000000003,230.12,242.595,243.275,246.8439999999999,263.3142269565531,230.37377304344673,52913.4817,99124.69184050008,-1.700185674061375,-1.4629211408069978,0.23726453325437735
2020-06-19T00:00:00Z,236.05,236.54,230.46,233.39,241.20499999999998,245.28500000000003,227.4,242.595,243.275,245.89449999999994,263.1494917125587,228.63950828744115,64051.95688,95831.26313850007,-1.7873658291554209,-1.9969427531898987,-0.20957692403447786
2020-06-20T00:00:00Z,233.39,235.19,228.62,232.8,235.20499999999998,246.76,224.21,242.595,243.275,245.59999999999997,263.5248442113272,227.67515578867273,67102.65437,92448.42496900007,-1.7840537400024699,-2.439644099037565,-0.6555903590350953
2020-06-21T00:00:00Z,232.8,234.16,229.71,230.31,235.20499999999998,247.01,222.6,242.595,243.275,244.456,263.1990065891332,225.71299341086674,49052.6883,88007.65456600007,-1.8413838323711216,-2.9573201494989974,-1.1159363171278758
2020-06-22T00:00:00Z,230.33,243.98,229.75,241.03,235.20499999999998,247.01,224.33,241.3925,243.275,243.96499999999997,262.52589491378006,225.4041050862199,101177.89114,79856.96932550006,-1.086489705848794,-2.474048449438868,-1.3875587435900743
2020-06-23T00:00:00Z,241.04,244.45,239.18,240.69,235.20499999999998,247.01,227.73,240.5725,243.275,243.33799999999997,261.44632361099366,225.22967638900627,80116.62369,79091.52445600006,-0.5654290038487395,-2.0943449984009987,-1.5289159945522592
2020-06-24T00:00:00Z,240.68,245.62,229.34,232.8,237.31,247.01,222.76,239.655,243.275,242.16899999999995,259.8232243103592,224.51477568964071,118724.24935,77441.06021700005,-0.6987800599929113,-2.4023910695433983,-1.703611009550487
2020-06-25T00:00:00Z,232.72,235.09,226.23,232.45,236.115,247.01,230.34,242.1725,241.88,240.98899999999995,257.91405231898614,224.06394768101376,72028.67203,75241.18955500006,-0.7525353990735071,-2.644280258392371,-1.8917448593188637
2020-06-26T00:00:00Z,232.45,233.72,228.13,230.65,235.925,247.01,239.8,242.1725,241.88,239.85999999999996,256.3757318941815,223.34426810581843,75857.14051,74501.19406900006,-0.8444041731617054,-2.947250075770995,-2.10284590260929
2020-06-27T00:00:00Z,230.72,231.57,204.77,216.37,225.195,237.19,238.39,242.485,241.88,238.00049999999993,256.2146829078465,219.78631709215333,108856.82037,75191.88539250007,-1.749865673517501,-4.290177994506166,-2.540312320988665
2020-06-28T00:00:00Z,216.34,225.41,213.4,222.67,225.195,234.11,235.03,246.13750000000002,241.88,236.37199999999993,253.94223574117478,218.80176425882507,56776.29096,74856.39013600007,-1.8004497255356995,-4.7908744779082895,-2.99042475237259
2020-06-29T00:00:00Z,222.67,227.5,218.28,225.28,225.195,234.11,251.22,246.875,241.88,234.93349999999992,251.1365926369141,218.73040736308576,82675.06258,75995.54262000007,-1.543945045440398,-4.920356059173088,-3.3764110137326897
2020-06-30T00:00:00Z,225.33,226.1,220.44,222.12,225.195,234.11,247.45,245.6925,241.88,233.19249999999994,246.84518599948044,219.53981400051944,51309.43015,74389.75676650007,-1.4731184536996258,-5.217809080857222,-3.7446906271575964
2020-07-01T00:00:00Z,222.11,226.76,220.56,223.78,225.195,231.765,268.62,246.1475,241.88,232.64449999999994,246.87245484250877,218.4165451574911,80148.4913,71990.69074750008,-1.2114254629932129,-5.258972455899112,-4.047546992905899
2020-07-02T00:00:00Z,223.77,225.83,217.11,219.65,225.195,231.765,288.94,248.23000000000002,241.88,231.58449999999988,246.35763978138937,216.8113602186104,88532.96078,73280.33103000007,-1.2105626799397164,-5.560750342830545,-4.3501876628908285
2020-07-03T00:00:00Z,219.63,223.8,218.96,220.73,219.93,231.765,287.69,248.9675,246.245,230.5864999999999,245.46076135982855,215.71223864017122,55468.82889,74152.78431900007,-1.037979300726275,-5.647661788798672,-4.609682488072397
2020-07-04T00:00:00Z,220.71,226.86,220.19,225.26,219.245,231.765,291.62,248.9675,246.245,229.97549999999993,244.66973761208314,215.2812623879167,60882.28994,75163.08307300007,-0.5442751795805609,-5.290026462548099,-4.745751282967538
2020-07-05T00:00:00Z,225.26,225.87,214.52,222.23,218.17000000000002,231.765,300.5,249.3225,246.245,229.3049999999999,244.1274012899522,214.4825987100476,69746.31975,73663.33444250007,-0.35640060960382236,-5.191252044972316,-4.834851435368494
2020-07-06T00:00:00Z,222.24,243.59,221.7,242.34,228.495,231.385,319.39,250.385,246.245,229.5489999999999,245.04567306231945,214.05232693768033,137713.99269,77666.27861400007,1.1074902770194868,-3.4504885890941352,-4.557978866113622
2020-07-07T00:00:00Z,242.35,244.39,235,237.83,229.45499999999998,225.385,284.1,246.2475,246.245,229.42099999999988,244.5963377557297,214.24566224427005,96506.70511,78482.12752450007,1.720708813576545,-2.4070928491429413,-4.127801662719486
2020-07-08T00:00:00Z,237.84,245.98,235.93,243.31,230.25,225.385,296.77,246.2475,246.99,229.7844999999999,245.89601696769992,213.67298303229987,114603.48673,81566.62777600008,2.4022130904809686,-1.1250352996182755,-3.527248390099244
2020-07-09T00:00:00Z,243.29,245.68,232.99,238.13,230.25,225.385,288.07,246.2475,246.99,230.0214999999999,246.4740332699989,213.56896673000088,115469.48625,84137.50424450009,2.405020540345446,-0.5209727146674368,-2.925993255012883
2020-07-10T00:00:00Z,238.15,240.35,232.5,238.38,230.25,225.385,293.5,245.075,246.99,230.3004999999999,247.1172588732336,213.48374112676618,82400.94045,84902.41854850009,2.323335182635673,-0.021824276718291458,-2.3451594593539644
2020-07-11T00:00:00Z,238.41,239.4,234.61,236.59,230.25,225.385,309,243.3575,246.99,230.61449999999985,247.6532951158671,213.5757048841326,46642.73413,84781.9208400001,2.057490066434229,0.2267031236888215,-1.8307869427454073
2020-07-12T00:00:00Z,236.59,239.36,231.82,237.42,230.25,225.385,302.2,243.435,246.99,230.43399999999988,247.10003300130074,213.76796699869902,62877.75601,82866.91408350009,1.852666064810514,0.48504563826773506,-1.367620426542779
2020-07-13T00:00:00Z,237.44,237.89,223.83,232.19,230.25,225.375,305.33,243.435,246.99,230.00899999999987,246.0281683929101,213.98983160708966,121159.41214,84919.05350600008,1.3058684847968667,0.26471517945330447,-1.0411533053435622
2020-07-14T00:00:00Z,232.15,232.2,226.38,230.12,233.83999999999997,225.375,299.94,243.435,246.99,229.87499999999986,245.8432954632114,213.9067045367883,80836.42813,83024.66244500008,0.7720800028989563,-0.0760533017198668,-0.8481333046188231
2020-07-15T00:00:00Z,230.12,230.8,225.91,227.4,234.905,225.375,302.4,243.245,246.99,229.62249999999986,245.57964369805944,213.66535630194028,62972.02102,82571.82989450009,0.23118623795279214,-0.5591505071778329,-0.790336745130625
2020-07-16T00:00:00Z,227.42,228.09,216.55,224.21,231.265,225.375,281.83,240.9825,246.99,229.3004999999999,245.4207847059386,213.18021529406118,86708.8202,83114.41387900009,-0.3163276580075196,-1.1857463176400245,-0.8694186596325049
2020-07-17T00:00:00Z,224.21,225.6,221.88,222.6,231.115,225.375,284.67,241.1075,246.99,229.6119999999999,244.94220626085567,214.28179373914415,55534.17203,80448.28146200007,-0.7377364571331866,-1.791589231048988,-1.0538527739158015
2020-07-18T00:00:00Z,222.59,226.63,222.18,224.33,228.45,225.375,295.75,241.1075,246.99,229.69499999999988,244.89135811635214,214.49864188364762,40614.60292,79640.19706000008,-0.8431816312638534,-2.107829812995618,-1.2646481817317647
2020-07-19T00:00:00Z,224.33,228.85,220.14,227.73,227.97500000000002,225.375,293.38,241.1075,246.99,229.81749999999988,244.90865883557217,214.7263411644276,60296.56938,78521.27240000009,-0.636562036141203,-2.0603507269082684,-1.4237886907670654
2020-07-20T00:00:00Z,227.78,228.5,220.73,222.76,227.955,225.375,302.17,242.16,246.99,229.8494999999999,244.87781790322526,214.82118209677452,51299.41373,78520.77157900008,-0.7778806224590338,-2.3961394688408575,-1.6182588463818237
2020-07-21T00:00:00Z,222.76,232.5,222.22,230.34,227.22,225.375,308.23,241.5625,246.99,230.17749999999992,244.9457211183456,215.40927888165425,84436.48163,78735.17109550009,-0.3271873382090664,-2.0272430191431567,-1.7000556809340903
2020-07-22T00:00:00Z,230.34,239.93,227.66,239.8,228.24,225.375,318.09,241.4675,246.99,231.18499999999995,245.68992950690534,216.68007049309455,94442.91567,79030.66884000009,0.5916643647454449,-0.9604752250022841,-1.552139589747729
2020-07-23T00:00:00Z,239.8,243.05,234.43,238.39,229.8,229.69,303.14,231.1925,241.115,232.06799999999998,246.06068466021355,218.0753153397864,103466.54674,81430.55473250008,1.0607344417422189,-0.22622153756995544,-1.2869559793121743
2020-07-24T00:00:00Z,238.33,238.97,232.49,235.03,229.8,230.25,292.73,229.6525,241.115,232.55649999999997,246.24319467038114,218.8698053296188,84930.96483,82632.98847700006,1.0964386079673822,0.08359228064705349,-1.0128463273203288
2020-07-25T00:00:00Z,235.04,253.58,234.77,251.22,236.86,234.05,294.69,229.6525,241.115,234.006,249.08112308408005,218.93087691591995,170214.47421,87656.39620000006,2.1037820678829435,1.6168812575333504,-0.48690081034959287
2020-07-26T00:00:00Z,251.24,257.29,244.03,247.45,238.715,235.90500000000003,283.02,229.6525,237.19,234.26149999999998,250.0493222374153,218.47367776258466,156020.64078,88571.72860450007,2.3887280898928998,2.499009302016532,0.11028121212363218
2020-07-27T00:00:00Z,247.47,275.28,247.04,268.62,247.70999999999998,244.89999999999998,286.44,228.48,237.19,235.801,257.55713835220473,214.04486164779524,274806.43059,97486.71487850006,3.7921201927685777,4.850431453084354,1.0583112603157767
2020-07-28T00:00:00Z,268.61,297.44,264.45,288.94,259.085,255.98000000000002,284.67,228.48,237.19,238.08249999999992,269.7997230026568,206.36527699734307,307746.91186,107143.88613500007,5.760076474969991,8.258406854028266,2.4983303790582747
2020-07-29T00:00:00Z,288.92,294.5,284.95,287.69,259.83,255.98000000000002,290.63,225.8475,237.19,240.5604999999999,278.94800654835893,202.17299345164085,184409.18378,110590.87101150006,6.589051739163391,10.734645053012514,4.1455933138491226
2020-07-30T00:00:00Z,287.69,300.29,280.55,291.62,263.975,257.40500000000003,275.52,225.505,237.19,243.2224999999999,287.55893281772137,198.88606718227842,188439.29175,115892.78857650005,6.97623723066657,12.865889852182335,5.889652621515765
2020-07-31T00:00:00Z,291.62,306.56,287,300.5,269.525,261.555,274.81,224.9675,237.19,246.4179999999999,297.13504628623673,195.70095371376306,157367.52645,121429.02819250003,7.366217728380514,15.097424781991407,7.731207053610893
2020-08-01T00:00:00Z,300.48,321.19,298,319.39,276.84000000000003,268.87,264.71,229.94,237.19,250.5164999999999,310.130405517088,190.90259448291178,224854.8837,129527.88457700002,8.359532374315854,18.18062252150571,9.821090147189857
2020-08-02T00:00:00Z,319.38,337.9,235.5,284.1,286.335,277.225,268.66,227.42,237.19,253.11199999999994,313.81841995703724,192.40558004296267,430392.32288,144989.53011400002,6.202239889835397,17.573890009484103,11.371650119648706
2020-08-03T00:00:00Z,284.1,304.69,278.99,296.77,286.7,277.225,268.04,227.8175,237.19,256.44449999999995,319.0250479282511,193.86395207174877,207048.17314,151300.1173645,5.229855727608742,17.908969779159634,12.679114051550892
2020-08-04T00:00:00Z,296.79,303.14,281.02,288.07,286.7,277.225,279.39,227.8175,237.19,259.47799999999995,322.0146639980107,196.94133600198924,153926.10948,155847.82178750003,3.6754197559767636,17.273388746521846,13.597968990545082
2020-08-05T00:00:00Z,288.07,298.25,284,293.5,286.7,277.225,277.05,227.8175,237.19,262.9425,324.9550490122777,200.92995098772232,191543.19554,161089.54055450004,2.7310176533022634,17.011741057172912,14.280723403870649
2020-08-06T00:00:00Z,293.56,320,287.33,309,286.7,277.225,NaN,227.8175,237.19,267.26249999999993,329.4691060398744,205.05589396012542,269135.29624,171769.59676500005,2.854899413126933,17.849347670279315,14.994448257152381
2020-08-07T00:00:00Z,309,326.33,277.06,302.2,286.7,277.225,NaN,227.8175,237.19,271.15599999999995,331.85616751212615,210.45583248787375,322693.60595,185873.54691650005,2.212225918930338,17.759730655815304,15.547504736884965
2020-08-08T00:00:00Z,302.2,309.58,297.07,305.33,286.7,277.225,NaN,227.8125,237.19,275.03599999999994,334.03347194584046,216.03852805415946,160729.77705,190895.20730000007,1.7514477400425967,17.736814411938212,15.985366671895616
2020-08-09T00:00:00Z,305.33,309.02,291.51,299.94,286.7,277.225,NaN,229.6075,237.19,278.8949999999999,333.65465650002,224.13534349997985,141005.25536,195380.49938150003,0.8811143750222676,17.08675964067345,16.20564526565118
2020-08-10T00:00:00Z,299.95,309.17,283.75,302.4,286.7,277.225,NaN,230.14,237.19,282.49799999999993,333.3475127213657,231.64848727863415,198749.83352,201096.16697600004,0.2986644899653612,16.578975878107883,16.280311388142522
2020-08-11T00:00:00Z,302.37,305.81,269.59,281.83,297.96,279.02,NaN,228.32,237.19,284.5994999999999,331.5406667835412,237.65833321645863,232065.22636,207977.28251050005,-1.543214136159838,14.351293717942724,15.894507854102562
2020-08-12T00:00:00Z,281.8,290.2,270.48,284.67,297.96,279.02,NaN,228.245,237.19,286.9134999999999,328.8061266901514,245.02087330984833,163517.54802,210979.83257450006,-2.580435169707771,12.668963891967849,15.24939906167562
2020-08-13T00:00:00Z,284.71,297.12,274.27,295.75,297.96,279.02,NaN,226.9125,237.19,289.9494999999999,324.5234818215997,255.37551817840006,176241.93325,215545.38099550005,-2.527200688953611,12.090398200483605,14.617598889437216
2020-08-14T00:00:00Z,295.78,297.97,287.02,293.38,297.96,279.315,NaN,226.675,237.19,292.0574999999999,321.72135671149795,262.39364328850183,169930.75535,215531.19505250003,-2.6458680336930325,11.310263847320925,13.956131881013958
2020-08-15T00:00:00Z,293.3,308.62,290.5,302.17,297.96,280.06,NaN,226.66500000000002,237.19,294.7934999999999,316.5302967051338,273.05670329486594,211183.74446,218289.3502365,-2.147823777402344,11.271352159261028,13.419175936663372
2020-08-16T00:00:00Z,302.25,313.92,293.74,308.23,291.755,282.78,NaN,226.2975,237.19,296.7739999999999,315.63921391345445,277.9087860865453,216695.57322,215383.80736799998,-1.4586718375424148,11.595836139735354,13.054507977277769
2020-08-17T00:00:00Z,308.32,325,301.01,318.09,297.29499999999996,285.195,NaN,226.8075,237.19,298.2314999999999,318.8712463889546,277.59175361104525,271033.8916,213548.156355,-0.44003205676555446,12.504467906320826,12.94449996308638
2020-08-18T00:00:00Z,318.02,324.44,300.5,303.14,297.29499999999996,285.195,NaN,229.745,237.19,299.00399999999996,319.15855620946,278.8494437905399,214416.37809,215048.51607050002,-0.85058777832249,11.881265240183268,12.731853018505758
2020-08-19T00:00:00Z,303.15,309.16,280.8,292.73,297.29499999999996,286.335,NaN,230.025,234.11,299.05949999999996,319.13838789251764,278.9806121074823,185910.32206,214922.06758600002,-1.843742687953851,10.427174658563445,12.270917346517296
2020-08-20T00:00:00Z,292.74,296.32,288.63,294.69,297.74,286.7,NaN,235.455,234.11,298.7689999999999,318.92409057286335,278.61390942713643,103320.74749,212219.72863800003,-2.356369896413698,9.325454976000174,11.681824872413872
2020-08-21T00:00:00Z,294.69,305.6,281.28,283.02,299.635,286.7,NaN,237.31,234.11,296.9504999999999,315.859782879064,278.0412171209358,174621.87664,209708.07828500003,-3.405403000000252,7.425071122413556,10.830474122413808
2020-08-22T00:00:00Z,282.99,287.74,275.9,286.44,300.45,286.7,NaN,246.30499999999998,240.02499999999998,297.0674999999999,315.68397858754423,278.45102141245553,97009.60443,193038.94236250003,-3.7648827287203765,6.124370711513336,9.889253440233713
2020-08-23T00:00:00Z,286.44,288.2,278.62,284.67,300.45,286.7,NaN,257.5325,251.10500000000002,296.4624999999999,315.84886311948316,277.0761368805167,69576.69708,186165.36855950003,-3.9959519854688743,4.894313458397619,8.890265443866493
2020-08-24T00:00:00Z,284.73,295.1,281.97,290.63,300.45,286.7,NaN,257.905,251.10500000000002,296.5904999999999,315.78639380571906,277.39460619428075,95194.72713,183228.79944200002,-3.6320048896637642,4.350259331786788,7.982264221450552
2020-08-25T00:00:00Z,290.63,291.62,268.21,275.52,296.605,286.7,NaN,260.69000000000005,252.53000000000003,295.6914999999999,316.95490732339283,274.428092676607,146100.61557,180956.67044349998,-4.250551882432162,2.6690743684103495,6.919626250842511
2020-08-26T00:00:00Z,275.52,279,271,274.81,296.325,286.7,NaN,265.53999999999996,255.66500000000002,293.9819999999999,316.16819174172065,271.7958082582792,101109.15836,172555.3635495,-4.523819653870861,1.2648516835039345,5.7886713373747956
2020-08-27T00:00:00Z,274.83,277.16,258.12,264.71,283.64,286.7,NaN,272.855,262.98,292.10749999999996,317.32723423730596,266.88776576269396,165869.72283,164714.16939350002,-5.155285113599929,-0.6554350546251158,4.499850058974813
2020-08-28T00:00:00Z,264.79,271.93,261.07,268.66,281.86,292.225,NaN,281.78,271.335,290.27399999999994,316.6857067983176,263.8622932016823,102440.04289,161799.6826855,-5.069771367841723,-1.8373641508273408,3.232407217014382
2020-08-29T00:00:00Z,268.59,272.65,265.67,268.04,281.86,292.225,NaN,281.9625,271.335,288.679,316.384342372913,260.97365762708694,78192.33625,158659.03673000002,-4.8194434073270696,-2.7918970421444556,2.027546365182614
2020-08-30T00:00:00Z,268.02,279.58,267.64,279.39,276.61,292.225,NaN,281.9625,271.335,287.5285,314.76625561606113,260.2907443839389,86086.54011,153025.87205950002,-3.704053773026588,-2.6025208511006213,1.1015329219259669
2020-08-31T00:00:00Z,279.33,280.97,272.77,277,276.61,292.225,NaN,281.9625,271.335,287.2895,314.8055327627403,259.77346723725964,42207.676,143532.99454150003,-2.970152338212837,-2.611157500840079,0.3589948373727576